{"lr_t1": [0.49373433583959897, 0.5097087378640777, 0.5097087378640777, 0.5097087378640777, 0.4783691332562], "lr_t2": [0.681704260651629, 0.031746031746031744, 0.4444444444444444, 0.05925925925925926, 0.5874643874643874], "dt_t1": [0.5012531328320802, 0.5100864553314121, 0.8592233009708737, 0.6401446654611211, 0.5046405754816641], "dt_t2": [0.6290726817042607, 0.039735099337748346, 0.6666666666666666, 0.075, 0.6582621082621083], "rf_t1": [0.5037593984962406, 0.5165289256198347, 0.6067961165048543, 0.5580357142857143, 0.5162734543991148], "rf_t2": [0.8070175438596491, 0.04054054054054054, 0.3333333333333333, 0.07228915662650602, 0.6951566951566952], "dataset": {"total_days": 1992, "breach_days": 99, "breach_rate": 0.04969879518072289, "avg_var": -0.020358636606626266, "kurtosis": 13.261557058234999, "worst_day": -0.13983409563452256, "best_day": 0.10916870513404682, "caught_lr": 4, "caught_dt": 6, "caught_rf": 3, "total_breaches": 9}}